{
  "1.12": {
    "251": {
      "id": 159,
      "data": -1,
      "name": "1.12 %vb_color% Concrete",
      "block": true
    },
    "252": {
      "id": 35,
      "data": -1,
      "name": "1.12 %vb_color% Concrete Powder",
      "block": true
    },
    "453": {
      "id": 340,
      "name": "1.12 Knowledge Book"
    },
    "355": {
      "id": 355,
      "name": "1.12 %vb_color% Bed"
    },
    "235-250": {
      "id": 159,
      "name": "1.12 %color% Glazed Terracotta",
      "block": true
    }
  },
  "1.11.1": {
    "452": {
      "id": 265,
      "name": "1.11.1 Iron Nugget"
    }
  },
  "1.11": {
    "218": {
      "id": 23,
      "data": -1,
      "name": "1.11 Observer",
      "block": true
    },
    "449": {
      "id": 418,
      "name": "1.11 Totem of Undying"
    },
    "450": {
      "id": 433,
      "name": "1.11 Shulker Shell"
    },
    "219-234": {
      "id": 158,
      "name": "1.11 %color% Shulker Box",
      "block": true
    }
  },
  "1.10": {
    "255": {
      "id": 217,
      "name": "1.10 Structure Block"
    },
    "217": {
      "id": 287,
      "name": "1.10 Structure Void",
      "block": true
    },
    "213": {
      "id": 159,
      "data": 1,
      "name": "1.10 Magma Block",
      "block": true
    },
    "214": {
      "id": 159,
      "data": 14,
      "name": "1.10 Nether Wart Block",
      "block": true
    },
    "215": {
      "id": 112,
      "name": "1.10 Red Nether Bricks",
      "block": true
    },
    "216": {
      "id": 155,
      "name": "1.10 Bone Block",
      "block": true
    }
  }
}